5E-CF-7F-01-85-56,5ECF7F018556,5C-CF-7F-01-85-56,5CCF7F018556
5E-CF-7F-01-85-56,5ECF7F018556,5C-CF-7F-01-85-56,5CCF7F018556
5E-CF-7F-8E-D7-D5,5ECF7F8ED7D5,5C-CF-7F-8E-D7-D5,5CCF7F8ED7D5
1A-FE-34-E5-F3-3B,1AFE34E5F33B,18-FE-34-E5-F3-3B,18FE34E5F33B
1A-FE-34-E5-F3-3B,1AFE34E5F33B,18-FE-34-E5-F3-3B,18FE34E5F33B
1A-FE-34-E5-F3-3B,1AFE34E5F33B,18-FE-34-E5-F3-3B,18FE34E5F33B
1A-FE-34-E5-F3-3B,1AFE34E5F33B,18-FE-34-E5-F3-3B,18FE34E5F33B
1A-FE-34-E5-F3-3B,1AFE34E5F33B,18-FE-34-E5-F3-3B,18FE34E5F33B
1A-FE-34-E5-F3-3B,1AFE34E5F33B,18-FE-34-E5-F3-3B,18FE34E5F33B
1A-FE-34-E5-F3-3B,1AFE34E5F33B,18-FE-34-E5-F3-3B,18FE34E5F33B
